"Name","Team","lineupSlot","points","avg_points","GP","passingCompletions","passingYards","passingTouchdowns","passingInterceptions","rushingAttempts","rushingYards","rushingTouchdowns","fumbles","receivingTargets","receivingReceptions","receivingYards","receivingTouchdowns"
"CeeDee Lamb","DAL","WR","403.2","23.7","17","0","0","0","0","14","113","2","2","181","135","1749","12"
"Josh Allen","BUF","QB","392.6","23.1","17","385","4306","29","18","111","524","15","4","0","0","0","0"
"Christian McCaffrey","SF","RB","391.3","24.5","16","0","0","0","0","272","1459","14","2","83","67","564","7"
"Tyreek Hill","MIA","WR","376.4","23.5","16","0","0","0","0","6","15","0","1","171","119","1799","13"
"Jalen Hurts","PHI","QB","356.8","21","17","352","3858","23","15","157","605","15","5","0","0","0","0"
"Dak Prescott","DAL","QB","342.8","20.2","17","410","4516","36","9","55","242","2","2","0","0","0","0"
"Lamar Jackson","BAL","QB","331.2","20.7","16","307","3678","24","7","148","821","5","6","0","0","0","0"
"Amon-Ra St. Brown","DET","WR","330.9","20.7","16","0","0","0","0","4","24","0","1","165","119","1515","10"
"Jordan Love","GB","QB","319.1","18.8","17","372","4159","32","11","50","247","4","3","0","0","0","0"
"Puka Nacua","LAR","WR","298.5","17.6","17","0","0","0","0","12","89","0","0","159","105","1486","6"
"Brock Purdy","SF","QB","295.6","18.5","16","308","4280","31","11","39","144","2","2","0","0","0","0"
"Jared Goff","DET","QB","291.1","17.1","17","407","4575","30","12","32","21","2","3","0","0","0","0"
"Breece Hall","NYJ","RB","290.5","17.1","17","0","0","0","0","223","994","5","0","95","76","591","4"
"A.J. Brown","PHI","WR","289.6","17","17","0","0","0","0","0","0","0","2","158","106","1456","7"
"DJ Moore","CHI","WR","286.5","16.9","17","0","0","0","0","4","21","1","1","136","96","1364","8"
"Mike Evans","TB","WR","282.5","16.6","17","0","0","0","0","0","0","0","0","135","79","1255","13"
"Travis Etienne Jr.","JAX","RB","282.4","16.6","17","0","0","0","0","267","1008","11","0","73","58","476","1"
"Patrick Mahomes","KC","QB","280.3","17.5","16","401","4184","27","14","75","389","0","3","0","0","0","0"
"C.J. Stroud","HOU","QB","275","18.3","15","319","4108","23","5","39","167","3","4","1","1","0","0"
"Baker Mayfield","TB","QB","274.1","16.1","17","364","4044","28","10","62","163","1","3","0","0","0","0"
"Stefon Diggs","BUF","WR","273.8","16.1","17","0","0","0","0","1","5","0","1","160","107","1183","8"
"Keenan Allen","LAC","WR","272.9","21","13","1","49","1","0","2","6","0","1","150","108","1243","7"
"Tua Tagovailoa","MIA","QB","270.4","15.9","17","388","4624","29","14","35","74","0","5","0","0","0","0"
"Rachaad White","TB","RB","267.9","15.8","17","0","0","0","0","272","990","6","2","70","64","549","3"
"Raheem Mostert","MIA","RB","267.7","17.8","15","0","0","0","0","209","1012","18","1","32","25","175","3"
"Joe Mixon","CIN","RB","267","15.7","17","0","0","0","0","257","1034","9","0","64","52","376","3"
"Davante Adams","LV","WR","265.4","15.6","17","0","0","0","0","0","0","0","0","175","103","1144","8"
"Ja'Marr Chase","CIN","WR","263","16.4","16","1","-7","0","0","3","-6","0","0","145","100","1216","7"
"Trevor Lawrence","JAX","QB","262.5","16.4","16","370","4016","21","14","70","339","4","7","0","0","0","0"
"Nico Collins","HOU","WR","260.4","17.4","15","0","0","0","0","1","7","0","0","109","80","1297","8"
"Russell Wilson","DEN","QB","256.9","17.1","15","297","3070","26","8","80","341","3","5","0","0","0","0"
"Sam Howell","WAS","QB","256.1","15.1","17","388","3945","21","21","48","263","5","2","1","1","4","0"
"Kyren Williams","LAR","RB","255","21.3","12","0","0","0","0","228","1144","12","2","48","32","206","3"
"Michael Pittman Jr.","IND","WR","250.2","15.6","16","0","0","0","0","0","0","0","1","156","109","1152","4"
"Brandon Aiyuk","SF","WR","249.2","15.6","16","0","0","0","0","0","0","0","1","105","75","1342","7"
"Bijan Robinson","ATL","RB","246.3","14.5","17","0","0","0","0","214","976","4","3","86","58","487","4"
"Deebo Samuel","SF","WR","243.7","16.2","15","0","0","0","0","37","225","5","0","89","60","892","7"
"Matthew Stafford","LAR","QB","243.1","16.2","15","326","3965","24","11","21","65","0","0","0","0","0","0"
"Jahmyr Gibbs","DET","RB","242.1","16.1","15","0","0","0","0","182","945","10","1","71","52","316","1"
"Derek Carr","NO","QB","241.1","14.2","17","375","3878","25","8","32","40","0","3","0","0","0","0"
"Sam LaPorta","DET","TE","239.3","14.1","17","0","0","0","0","1","4","0","0","120","86","889","10"
"Derrick Henry","TEN","RB","238.1","14","17","2","14","2","0","280","1167","12","0","36","28","214","0"
"Alvin Kamara","NO","RB","233","17.9","13","0","0","0","0","180","694","5","0","87","75","466","1"
"James Cook","BUF","RB","232.7","13.7","17","0","0","0","0","237","1122","2","2","54","44","445","4"
"Justin Herbert","LAC","QB","232.2","17.9","13","297","3134","20","7","52","228","3","1","1","1","10","0"
"Chris Olave","NO","WR","231.3","14.5","16","0","0","0","0","0","0","0","0","138","87","1123","5"
"Adam Thielen","CAR","WR","231","13.6","17","0","0","0","0","1","6","0","0","137","103","1014","4"
"Evan Engram","JAX","TE","230.3","13.5","17","0","0","0","0","0","0","0","2","143","114","963","4"
"Justin Fields","CHI","QB","230.2","17.7","13","227","2562","16","9","124","657","4","4","0","0","0","0"
"Calvin Ridley","JAX","WR","229.9","13.5","17","0","0","0","0","9","23","0","0","136","76","1016","8"
"DeVonta Smith","PHI","WR","227.6","14.2","16","0","0","0","0","0","0","0","1","112","81","1066","7"
"Amari Cooper","CLE","WR","227","15.1","15","0","0","0","0","0","0","0","1","128","72","1250","5"
"Geno Smith","SEA","QB","226.5","15.1","15","323","3624","20","9","37","155","1","3","1","1","-2","0"
"DK Metcalf","SEA","WR","225.4","14.1","16","0","0","0","0","0","0","0","0","119","66","1114","8"
"DeAndre Hopkins","TEN","WR","223.6","13.2","17","0","0","0","0","2","9","0","0","136","75","1057","7"
"Saquon Barkley","NYG","RB","223.2","15.9","14","0","0","0","0","247","962","6","2","60","41","280","4"
"Tony Pollard","DAL","RB","222.6","13.1","17","0","0","0","0","252","1005","6","1","67","55","311","0"
"Jordan Addison","MIN","WR","221.3","13","17","0","0","0","0","1","2","0","0","108","70","911","10"
"Travis Kelce","KC","TE","219.4","14.6","15","0","0","0","0","0","0","0","1","121","93","984","5"
"T.J. Hockenson","MIN","TE","219","14.6","15","0","0","0","0","0","0","0","1","127","95","960","5"
"Jayden Reed","GB","WR","217.2","13.6","16","0","0","0","0","11","119","2","0","94","64","793","8"
"Jakobi Meyers","LV","WR","214.1","13.4","16","2","12","1","0","4","24","2","0","106","71","807","8"
"Isiah Pacheco","KC","RB","213.9","15.3","14","0","0","0","0","205","935","7","1","49","44","244","2"
"Garrett Wilson","NYJ","WR","213.2","12.5","17","0","0","0","0","4","0","0","2","168","95","1042","3"
"Rashee Rice","KC","WR","212.5","13.3","16","0","0","0","0","1","-3","0","1","102","79","938","7"
"Jerome Ford","CLE","RB","211.2","12.4","17","0","0","0","0","204","813","4","1","63","44","319","5"
"Chris Godwin","TB","WR","209.2","12.3","17","0","0","0","0","4","38","1","0","131","83","1024","2"
"Terry McLaurin","WAS","WR","209.2","12.3","17","0","0","0","0","0","0","1","0","131","79","1002","4"
"George Pickens","PIT","WR","208.8","12.3","17","0","0","0","0","3","18","0","0","106","63","1140","5"
"David Montgomery","DET","RB","207.2","14.8","14","0","0","0","0","219","1015","13","1","24","16","117","0"
"Zay Flowers","BAL","WR","206.4","12.9","16","0","0","0","0","8","56","1","0","108","77","858","5"
"George Kittle","SF","TE","203.2","12.7","16","0","0","0","0","1","2","0","0","90","65","1020","6"
"Tyler Lockett","SEA","WR","202.4","11.9","17","0","0","0","0","0","0","0","0","122","79","894","5"
"Justin Jefferson","MIN","WR","202.2","20.2","10","0","0","0","0","1","-12","0","1","100","68","1074","5"
"James Conner","ARI","RB","201.5","15.5","13","0","0","0","0","208","1040","7","0","33","27","165","2"
"David Njoku","CLE","TE","201.2","12.6","16","0","0","0","0","0","0","0","2","123","81","882","6"
"Joshua Dobbs","ARI","QB","200.7","15.4","13","262","2464","13","10","77","421","6","7","0","0","0","0"
"Kenneth Walker III","SEA","RB","199.4","13.3","15","0","0","0","0","219","905","8","0","37","29","259","1"
"D'Andre Swift","PHI","RB","199.3","12.5","16","0","0","0","0","229","1049","5","1","49","39","214","1"
"Jaylen Waddle","MIA","WR","198.6","14.2","14","0","0","0","0","3","12","0","0","104","72","1014","4"
"Brian Robinson Jr.","WAS","RB","198","13.2","15","0","0","0","0","178","733","5","2","43","36","367","4"
"Jaylen Warren","PIT","RB","196.4","11.6","17","0","0","0","0","149","784","4","2","74","61","370","0"
"Gardner Minshew","IND","QB","196.2","12.3","16","305","3305","15","9","34","100","3","5","0","0","0","0"
"Najee Harris","PIT","RB","195.5","11.5","17","0","0","0","0","255","1035","8","1","38","29","170","0"
"De'Von Achane","MIA","RB","190.7","17.3","11","0","0","0","0","103","800","8","1","37","27","197","3"
"Courtland Sutton","DEN","WR","190.2","11.9","16","0","0","0","0","0","0","0","3","90","59","772","10"
"Gus Edwards","BAL","RB","187","11","17","0","0","0","0","198","810","13","2","13","12","180","0"
"Austin Ekeler","LAC","RB","185.4","13.2","14","0","0","0","0","179","628","5","4","74","51","436","1"
"Chuba Hubbard","CAR","RB","182.5","10.7","17","0","0","0","0","238","902","5","0","44","39","233","0"
"Trey McBride","ARI","TE","181.5","10.7","17","0","0","0","0","0","0","0","0","106","81","825","3"
"Cole Kmet","CHI","TE","181.1","10.7","17","0","0","0","0","3","2","0","0","91","73","719","6"
"Josh Jacobs","LV","RB","181.1","13.9","13","0","0","0","0","233","805","6","1","54","37","296","0"
"Javonte Williams","DEN","RB","179.2","11.2","16","0","0","0","0","217","774","3","1","58","47","228","2"
"Jake Ferguson","DAL","TE","177.1","10.4","17","0","0","0","0","0","0","0","0","102","71","761","5"
"Desmond Ridder","ATL","QB","176.7","11.8","15","249","2836","12","12","53","193","5","7","1","1","-6","0"
"Ezekiel Elliott","NE","RB","174.5","10.3","17","0","0","0","0","184","642","3","1","65","51","313","2"
"Romeo Doubs","GB","WR","174.4","10.3","17","0","0","0","0","0","0","0","0","96","59","674","8"
"Drake London","ATL","WR","173.5","10.8","16","1","22","0","0","0","0","0","0","110","69","905","2"
"Brandin Cooks","DAL","WR","173.2","10.8","16","0","0","0","0","5","35","0","0","81","54","657","8"
"Zack Moss","IND","RB","169.6","12.1","14","0","0","0","0","183","794","5","0","37","27","192","2"
"Tank Dell","HOU","WR","165","15","11","0","0","0","0","11","51","0","0","75","47","709","7"
"Cooper Kupp","LAR","WR","164.4","13.7","12","0","0","0","0","1","-3","0","0","95","59","737","5"
"Devin Singletary","HOU","RB","163.1","9.6","17","1","6","1","0","216","898","4","0","38","30","193","0"
"Gabe Davis","BUF","WR","161.4","9.5","17","0","0","0","0","1","-2","0","1","81","45","746","7"
"Curtis Samuel","WAS","WR","157.2","9.8","16","0","0","0","0","7","39","1","0","91","62","613","4"
"Josh Downs","IND","WR","157.1","9.2","17","0","0","0","0","0","0","0","0","98","68","771","2"
"Jonathan Taylor","IND","RB","156.4","15.6","10","0","0","0","0","169","741","7","0","23","19","153","1"
"Bryce Young","CAR","QB","156.4","9.8","16","315","2877","11","10","39","253","0","6","0","0","0","0"
"Tyjae Spears","TEN","RB","153.8","9","17","0","0","0","0","100","453","2","0","70","52","385","1"
"Diontae Johnson","PIT","WR","152.7","11.7","13","0","0","0","0","0","0","0","0","87","51","717","5"
"Darius Slayton","NYG","WR","151","8.9","17","0","0","0","0","0","0","0","0","79","50","770","4"
"Dalton Schultz","HOU","TE","150.5","10","15","0","0","0","0","0","0","0","1","88","59","635","5"
"Christian Kirk","JAX","WR","150.3","12.5","12","1","-1","0","0","1","6","0","2","85","57","787","3"
"Dalton Kincaid","BUF","TE","150.3","9.4","16","0","0","0","0","0","0","0","1","91","73","673","2"
"Jaxon Smith-Njigba","SEA","WR","149.8","8.8","17","0","0","0","0","0","0","0","0","93","63","628","4"
"Kirk Cousins","MIN","QB","149.7","18.7","8","216","2331","18","5","14","25","0","4","0","0","0","0"
"Rashid Shaheed","NO","WR","149.6","10","15","0","0","0","0","7","37","0","1","75","46","719","5"
"Joe Burrow","CIN","QB","147.2","14.7","10","244","2309","15","6","31","88","0","1","0","0","0","0"
"Tyler Boyd","CIN","WR","146.8","8.6","17","0","0","0","1","2","11","0","0","98","67","667","2"
"Kyler Murray","ARI","QB","146.4","18.3","8","176","1799","10","5","44","244","3","0","0","0","0","0"
"Rhamondre Stevenson","NE","RB","145.7","12.1","12","0","0","0","0","156","619","4","1","51","38","238","0"
"Jake Browning","CIN","QB","144.1","16","9","171","1936","12","7","27","127","3","0","1","1","-7","0"
"Jerry Jeudy","DEN","WR","141.8","8.9","16","0","0","0","0","0","0","0","0","87","54","758","2"
"Tee Higgins","CIN","WR","137.6","11.5","12","0","0","0","0","0","0","0","0","76","42","656","5"
"Tyler Allgeier","ATL","RB","137.6","8.1","17","0","0","0","0","186","683","4","0","23","18","193","1"
"Kyle Pitts","ATL","TE","137.3","8.1","17","0","0","0","0","1","-4","0","0","90","53","667","3"
"Dallas Goedert","PHI","TE","136.3","9.7","14","0","0","0","0","1","1","0","0","83","59","592","3"
"Mark Andrews","BAL","TE","135.4","13.5","10","0","0","0","0","1","0","0","0","61","45","544","6"
"Aaron Jones","GB","RB","134.9","12.3","11","0","0","0","0","142","656","2","1","43","30","233","1"
"Marquise Brown","ARI","WR","134.7","9.6","14","0","0","0","0","2","23","0","0","101","51","574","4"
"Alexander Mattison","MIN","RB","133.2","8.3","16","0","0","0","0","180","700","0","2","44","30","192","3"
"Wan'Dale Robinson","NYG","WR","133.2","8.9","15","0","0","0","0","9","87","1","0","78","60","525","1"
"Elijah Moore","CLE","WR","132.1","7.8","17","0","0","0","0","9","11","0","2","104","59","640","2"
"Josh Reynolds","DET","WR","128.8","7.6","17","0","0","0","0","0","0","0","1","64","40","608","5"
"Antonio Gibson","WAS","RB","127.4","8","16","0","0","0","0","65","265","1","2","59","48","389","2"
"Logan Thomas","WAS","TE","126.8","7.9","16","0","0","0","0","1","2","0","2","79","55","496","4"
"Aidan O'Connell","LV","QB","125.8","11.4","11","213","2218","12","7","17","11","1","2","0","0","0","0"
"Jahan Dotson","WAS","WR","124.8","7.3","17","0","0","0","0","0","0","0","0","83","49","518","4"
"Jonnu Smith","ATL","TE","124.2","7.3","17","0","0","0","0","1","0","0","1","69","50","582","3"
"Tyler Conklin","NYJ","TE","123.1","7.2","17","0","0","0","0","1","0","0","0","87","61","621","0"
"Samaje Perine","DEN","RB","121.3","7.1","17","0","0","0","0","53","238","1","2","56","50","455","0"
"K.J. Osborn","MIN","WR","120","7.5","16","0","0","0","0","0","0","0","0","75","48","540","3"
"Zach Wilson","NYJ","QB","119.9","10","12","221","2271","8","7","36","211","0","7","0","0","0","0"
"Hunter Henry","NE","TE","119.9","8.6","14","0","0","0","0","0","0","0","0","62","42","419","6"
"Dontayvion Wicks","GB","WR","119.2","7.9","15","1","14","0","0","1","1","0","1","58","39","581","4"
"Kareem Hunt","CLE","RB","118.5","7.9","15","0","0","0","0","135","411","9","0","21","15","84","0"
"AJ Dillon","GB","RB","117.6","7.8","15","0","0","0","0","178","613","2","0","28","22","223","0"
"Cade Otton","TB","TE","116.5","6.9","17","0","0","0","0","0","0","0","1","67","47","455","4"
"DJ Chark Jr.","CAR","WR","115.5","7.7","15","0","0","0","0","0","0","0","1","66","35","525","5"
"Michael Wilson","ARI","WR","114.5","8.8","13","0","0","0","0","0","0","0","0","58","38","565","3"
"Chigoziem Okonkwo","TEN","TE","113.4","6.7","17","0","0","0","0","2","6","0","0","77","54","528","1"
"Darren Waller","NYG","TE","113.2","9.4","12","0","0","0","0","0","0","0","0","74","52","552","1"
"Khalil Shakir","BUF","WR","113.1","6.7","17","0","0","0","0","1","10","0","0","45","39","611","2"
"Khalil Herbert","CHI","RB","112.5","9.4","12","0","0","0","0","132","611","2","1","31","20","134","1"
"Tutu Atwell","LAR","WR","112.4","7","16","0","0","0","0","5","31","0","0","67","39","483","3"
"Gerald Everett","LAC","TE","111.1","7.4","15","0","0","0","0","3","10","0","0","70","51","411","3"
"Kenny Pickett","PIT","QB","110.2","9.2","12","201","2070","6","4","42","54","1","0","0","0","0","0"
"Justice Hill","BAL","RB","109.3","6.8","16","0","0","0","0","84","387","3","1","39","28","206","1"
"Tyler Higbee","LAR","TE","108.5","7.2","15","0","0","0","0","0","0","0","0","70","47","495","2"
"Odell Beckham Jr.","BAL","WR","107.5","7.7","14","0","0","0","0","0","0","0","1","64","35","565","3"
"Demario Douglas","NE","WR","107.2","7.7","14","0","0","0","0","8","41","0","1","79","49","561","0"
"Joshua Palmer","LAC","WR","106.7","10.7","10","0","0","0","0","1","6","0","1","61","38","581","2"
"Mac Jones","NE","QB","106.4","9.7","11","224","2120","10","12","26","96","0","2","0","0","0","0"
"Zach Charbonnet","SEA","RB","106.1","6.6","16","0","0","0","0","108","462","1","0","40","33","209","0"
"Jaleel McLaughlin","DEN","RB","106","6.2","17","0","0","0","0","76","410","1","0","36","31","160","2"
"Rondale Moore","ARI","WR","105","6.2","17","0","0","0","0","28","178","1","0","62","40","352","1"
"Roschon Johnson","CHI","RB","102.1","6.8","15","0","0","0","0","81","352","2","0","40","34","209","0"
"Will Levis","TEN","QB","102","11.3","9","149","1808","8","4","25","57","1","4","0","0","0","0"
"Noah Brown","HOU","WR","101.6","10.2","10","0","0","0","0","1","-1","0","0","55","33","567","2"
"Christian Watson","GB","WR","101.3","11.3","9","0","0","0","0","4","11","0","0","53","28","422","5"
"Isaiah Likely","BAL","TE","101.1","5.9","17","0","0","0","0","0","0","0","0","40","30","411","5"
"Ty Chandler","MIN","RB","101","5.9","17","0","0","0","0","102","461","3","0","25","21","159","0"
"Joe Flacco","CLE","QB","100.8","20.2","5","123","1616","13","8","9","2","0","1","0","0","0","0"
"Kendrick Bourne","NE","WR","100","12.5","8","0","0","0","0","1","4","0","1","55","37","406","4"
"Juwan Johnson","NO","TE","97.8","7.5","13","0","0","0","0","0","0","0","0","58","37","368","4"
"Kalif Raymond","DET","WR","97.4","5.7","17","0","0","0","0","7","75","0","0","44","35","489","1"
"Nelson Agholor","BAL","WR","97.1","5.7","17","0","0","0","0","0","0","0","0","45","35","381","4"
"Kenneth Gainwell","PHI","RB","96.7","6","16","1","17","0","0","84","364","2","1","37","30","183","0"
"Trey Palmer","TB","WR","95.7","5.6","17","0","0","0","0","3","22","0","1","68","39","385","3"
"Alec Pierce","IND","WR","95.4","5.6","17","0","0","0","0","0","0","0","0","65","32","514","2"
"Quentin Johnston","LAC","WR","94","5.5","17","0","0","0","0","3","9","0","0","67","38","431","2"
"Tommy Devito","NYG","QB","93.5","9.4","10","114","1101","8","3","36","195","1","1","0","0","0","0"
"Rico Dowdle","DAL","RB","91.5","5.7","16","0","0","0","0","89","361","2","0","22","17","144","2"
"D'Onta Foreman","CHI","RB","91.2","10.1","9","0","0","0","0","109","425","4","0","16","11","77","1"
"Michael Thomas","NO","WR","89.8","9","10","0","0","0","0","0","0","0","0","64","39","448","1"
"Robert Woods","HOU","WR","89.3","6.4","14","0","0","0","0","1","7","0","0","75","40","426","1"
"Justin Watson","KC","WR","89","5.6","16","0","0","0","0","0","0","0","1","53","27","460","3"
"Michael Gallup","DAL","WR","87.8","5.2","17","0","0","0","0","0","0","0","0","57","34","418","2"
"Miles Sanders","CAR","RB","87.6","5.5","16","0","0","0","0","129","432","1","2","41","27","154","0"
"Demarcus Robinson","LAR","WR","87.4","5.5","16","0","0","0","0","1","23","0","1","39","26","371","4"
"Tyrod Taylor","NYG","QB","87.3","7.9","11","116","1341","5","3","38","197","0","0","0","0","0","0"
"Deshaun Watson","CLE","QB","86.8","14.5","6","105","1115","7","4","26","142","1","2","0","0","0","0"
"Nick Westbrook-Ikhine","TEN","WR","85","6.1","14","0","0","0","0","0","0","0","0","45","28","370","3"
"Jonathan Mingo","CAR","WR","84.8","5.7","15","0","0","0","0","0","0","0","0","85","43","418","0"
"Latavius Murray","BUF","RB","82.9","5.2","16","0","0","0","0","79","300","4","0","22","17","119","0"
"Jerick McKinnon","KC","RB","80.3","6.7","12","1","4","1","0","21","60","1","0","32","25","193","4"
"Jameson Williams","DET","WR","80.3","6.7","12","0","0","0","0","3","29","1","0","41","24","354","2"
"Tanner Hudson","CIN","TE","80.2","6.7","12","0","0","0","0","0","0","0","0","50","39","352","1"
"Ryan Tannehill","TEN","QB","80","8","10","149","1616","4","7","17","74","1","0","1","0","0","0"
"Donald Parham Jr.","LAC","TE","79.5","5.7","14","0","0","0","0","0","0","0","0","41","27","285","4"
"Darnell Mooney","CHI","WR","78.9","5.3","15","0","0","0","0","2","5","0","0","61","31","414","1"
"Tucker Kraft","GB","TE","78.5","4.6","17","0","0","0","0","0","0","0","0","40","31","355","2"
"Zay Jones","JAX","WR","78.1","8.7","9","0","0","0","0","0","0","0","0","64","34","321","2"
"Pat Freiermuth","PIT","TE","76.8","6.4","12","0","0","0","0","0","0","0","0","47","32","308","2"
"Dameon Pierce","HOU","RB","76.7","5.5","14","0","0","0","0","145","416","2","0","17","13","101","0"
"Rashod Bateman","BAL","WR","76.5","4.8","16","0","0","0","0","1","18","0","0","56","32","367","1"
"Luke Musgrave","GB","TE","75.2","6.8","11","0","0","0","0","0","0","0","0","46","34","352","1"
"Zamir White","LV","RB","73.9","4.3","17","0","0","0","0","104","451","1","1","19","15","98","0"
"Noah Fant","SEA","TE","73.4","4.3","17","0","0","0","0","0","0","0","0","43","32","414","0"
"Brandon Johnson","DEN","WR","73.4","5.6","13","0","0","0","0","0","0","0","0","30","19","284","4"
"Emari Demercado","ARI","RB","73.3","5.2","14","0","0","0","0","58","284","2","0","30","21","119","0"
"Kylen Granson","IND","TE","73","4.9","15","0","0","0","0","1","2","0","0","50","30","368","1"
"Anthony Richardson","IND","QB","72.7","18.2","4","50","577","3","1","25","136","4","1","0","0","0","0"
"DeVante Parker","NE","WR","72.4","5.6","13","0","0","0","0","0","0","0","0","55","33","394","0"
"Tre Tucker","LV","WR","71.8","4.5","16","0","0","0","0","10","77","0","0","34","19","331","2"
"Durham Smythe","MIA","TE","71.6","4.5","16","0","0","0","0","0","0","0","0","43","35","366","0"
"Michael Mayer","LV","TE","71.4","5.1","14","0","0","0","0","0","0","0","0","40","27","304","2"
"Noah Gray","KC","TE","70.6","4.2","17","0","0","0","0","1","1","0","0","41","28","305","2"
"Clyde Edwards-Helaire","KC","RB","70.1","4.7","15","0","0","0","0","70","223","1","0","22","17","188","1"
"Keaton Mitchell","BAL","RB","69.9","8.7","8","0","0","0","0","47","396","2","0","11","9","93","0"
"Cedrick Wilson Jr.","MIA","WR","69.6","4.6","15","0","0","0","0","0","0","0","0","38","22","296","3"
"Taysom Hill","NO","QB","69.4","4.3","16","6","83","1","0","81","401","4","1","40","33","291","2"
"Bailey Zappe","NE","QB","69.2","6.9","10","127","1272","6","9","17","83","1","1","0","0","0","0"
"Chris Moore","TEN","WR","68.3","4","17","0","0","0","0","2","39","0","0","35","22","424","0"
"Easton Stick","LAC","QB","67.6","13.5","5","111","1129","3","1","27","144","1","4","0","0","0","0"
"Brandon Powell","MIN","WR","67.1","3.9","17","0","0","0","0","5","17","0","1","44","29","324","1"
"Nick Mullens","MIN","QB","66.7","13.3","5","100","1306","7","8","10","25","0","0","0","0","0","0"
"Taylor Heinicke","ATL","QB","66","13.2","5","74","890","5","4","15","124","1","0","0","0","0","0"
"Mike Gesicki","NE","TE","65.4","3.8","17","0","0","0","0","0","0","0","0","44","29","244","2"
"Marvin Mims Jr.","DEN","WR","64.7","4","16","0","0","0","0","9","30","0","2","33","22","377","1"
"Greg Dortch","ARI","WR","64.5","4","16","0","0","0","0","1","5","0","0","41","24","280","2"
"Jimmy Garoppolo","LV","QB","64.1","9.2","7","110","1205","7","9","20","39","0","0","0","0","0","0"
"Trenton Irwin","CIN","WR","62.6","3.9","16","0","0","0","0","0","0","0","0","32","25","316","1"
"Allen Robinson II","PIT","WR","62","3.6","17","0","0","0","0","0","0","0","0","49","34","280","0"
"Joshua Kelley","LAC","RB","61.7","3.6","17","0","0","0","0","107","405","2","1","12","8","32","0"
"Colby Parkinson","SEA","TE","61.7","3.6","17","0","0","0","0","0","0","0","0","34","25","247","2"
"JuJu Smith-Schuster","NE","WR","61","5.5","11","0","0","0","0","0","0","0","0","47","29","260","1"
"Jamaal Williams","NO","RB","60.8","4.7","13","0","0","0","0","106","306","1","0","20","18","62","0"
"A.T. Perry","NO","WR","60.6","6.1","10","0","0","0","0","0","0","0","0","18","12","246","4"
"Adam Trautman","DEN","TE","60.4","3.6","17","0","0","0","0","0","0","0","0","35","22","204","3"
"Tommy Tremble","CAR","TE","60.4","3.8","16","0","0","0","0","0","0","0","0","32","23","194","3"
"Jalin Hyatt","NYG","WR","60.3","3.5","17","0","0","0","0","0","0","0","0","40","23","373","0"
"Allen Lazard","NYJ","WR","60.1","4.3","14","0","0","0","0","0","0","0","0","49","23","311","1"
"Isaiah Hodgins","NYG","WR","60","3.5","17","0","0","0","0","0","0","0","1","33","21","230","3"
"KaVontae Turpin","DAL","WR","59.7","3.7","16","0","0","0","0","11","110","1","0","18","12","127","3"
"Michael Carter","NYJ","RB","58.8","3.9","15","0","0","0","0","30","187","0","0","31","24","101","1"
"Jalen Tolbert","DAL","WR","58.8","3.5","17","0","0","0","0","0","0","0","1","36","22","268","2"
"Braxton Berrios","MIA","WR","57.9","3.6","16","0","0","0","0","1","11","0","0","33","27","238","1"
"Daniel Jones","NYG","QB","57","9.5","6","108","909","2","6","40","206","1","1","0","0","0","0"
"Jake Bobo","SEA","WR","56.9","3.3","17","0","0","0","0","1","3","1","0","25","19","196","2"
"Marquez Valdes-Scantling","KC","WR","56.5","3.5","16","0","0","0","0","0","0","0","1","42","21","315","1"
"Dawson Knox","BUF","TE","54.6","4.5","12","0","0","0","0","0","0","0","0","36","22","186","2"
"Skyy Moore","KC","WR","53.7","3.8","14","0","0","0","0","3","23","0","0","38","21","244","1"
"Chase Brown","CIN","RB","53.5","4.5","12","0","0","0","0","44","179","0","0","15","14","156","1"
"Josh Oliver","MIN","TE","53.3","3.1","17","0","0","0","0","0","0","0","1","28","22","213","2"
"Tyson Bagent","CHI","QB","53.3","10.7","5","94","859","3","6","23","109","2","2","0","0","0","0"
"Kadarius Toney","KC","WR","53","4.1","13","0","0","0","0","11","31","0","0","38","27","169","1"
"Calvin Austin III","PIT","WR","52.7","3.1","17","0","0","0","0","11","57","1","0","30","17","180","1"
"Xavier Gipson","NYJ","WR","52.7","3.1","17","0","0","0","0","8","68","1","2","38","21","229","0"
"Zach Ertz","ARI","TE","51.7","7.4","7","0","0","0","0","0","0","0","0","43","27","187","1"
"Jauan Jennings","SF","WR","51.5","4","13","0","0","0","0","0","0","0","0","33","19","265","1"
"Brevin Jordan","HOU","TE","50.9","3.6","14","0","0","0","0","0","0","0","0","20","17","219","2"
"Andrei Iosivas","CIN","WR","50.6","3.2","16","0","0","0","0","0","0","0","0","25","15","116","4"
"Daniel Bellinger","NYG","TE","50.5","3","17","0","0","0","0","0","0","0","0","28","25","255","0"
"Drew Sample","CIN","TE","50.3","3","17","0","0","0","0","0","0","0","0","27","22","163","2"
"Mike Williams","LAC","WR","50.2","16.7","3","0","0","0","0","1","3","0","0","26","19","249","1"
"Mo Alie-Cox","IND","TE","49.1","2.9","17","0","0","0","0","0","0","0","0","22","13","161","3"
"David Bell","CLE","WR","48.7","3.2","15","0","0","0","0","0","0","0","0","23","14","167","3"
"Mitch Trubisky","PIT","QB","48.7","9.7","5","67","632","4","5","16","54","2","1","0","0","0","0"
"Hunter Renfrow","LV","WR","48.5","2.9","17","0","0","0","0","0","0","0","1","37","25","255","0"
"Austin Hooper","LV","TE","48.4","2.8","17","0","0","0","0","0","0","0","0","31","25","234","0"
"Elijah Mitchell","SF","RB","47.5","4.3","11","0","0","0","0","75","281","2","0","8","6","14","0"
"Lil'Jordan Humphrey","DEN","WR","47.2","2.8","17","0","0","0","0","0","0","0","0","19","13","162","3"
"Matt Breida","NYG","RB","46.9","2.8","17","0","0","0","0","55","151","1","0","21","17","88","0"
"Cam Akers","LAR","RB","46.7","6.7","7","0","0","0","0","60","167","2","0","12","11","70","0"
"Foster Moreau","NO","TE","46.3","3.1","15","0","0","0","0","0","0","0","0","25","21","193","1"
"Royce Freeman","LAR","RB","46.2","3.3","14","0","0","0","0","77","319","2","0","2","1","13","0"
"Bo Melton","GB","WR","45.9","9.2","5","0","0","0","0","3","21","0","0","24","16","218","1"
"Alex Erickson","LAC","WR","45.2","5.7","8","0","0","0","0","0","0","0","0","29","16","232","1"
"Jordan Mason","SF","RB","44.7","2.6","17","0","0","0","0","40","206","3","0","4","3","31","0"
"Cedric Tillman","CLE","WR","44.2","3.2","14","0","0","0","0","1","8","0","0","44","21","224","0"
"Darrell Henderson Jr.","LAR","RB","43.5","10.9","4","0","0","0","0","46","112","2","0","14","10","103","0"
"Kendre Miller","NO","RB","43.3","5.4","8","0","0","0","0","41","156","1","0","11","10","117","0"
"Mack Hollins","ATL","WR","43.1","3.3","13","0","0","0","0","0","0","0","0","30","18","251","0"
"Salvon Ahmed","MIA","RB","42.9","5.4","8","0","0","0","0","22","61","1","0","23","16","88","1"
"Pierre Strong Jr.","CLE","RB","42.8","2.5","17","0","0","0","0","63","291","1","1","8","5","47","0"
"Hayden Hurst","CAR","TE","42.4","4.7","9","0","0","0","0","0","0","0","0","32","18","184","1"
"Jeff Wilson Jr.","MIA","RB","41.3","4.1","10","0","0","0","0","41","188","0","0","17","14","85","0"
"Van Jefferson","LAR","WR","41.3","2.4","17","0","0","0","0","1","4","0","0","43","20","209","0"
"Ameer Abdullah","LV","RB","41","2.4","17","0","0","0","0","15","89","0","0","24","19","131","0"
"Jamal Agnew","JAX","WR","40.3","3.7","11","0","0","0","0","4","-2","0","1","20","14","225","1"
"Johnny Mundt","MIN","TE","40.2","2.4","17","0","0","0","0","0","0","0","0","23","17","172","1"
"Will Dissly","SEA","TE","40.2","2.5","16","0","0","0","0","0","0","0","0","22","17","172","1"
"Dalvin Cook","NYJ","RB","40.2","2.7","15","0","0","0","0","67","214","0","2","20","15","78","0"
"Treylon Burks","TEN","WR","39.9","3.6","11","0","0","0","0","5","18","0","0","30","16","221","0"
"Chase Edmonds","TB","RB","39.7","3.1","13","0","0","0","0","49","176","0","0","17","14","81","0"
"Connor Heyward","PIT","TE","39.7","2.3","17","0","0","0","0","1","0","0","0","34","23","167","0"
"Mason Rudolph","PIT","QB","39.6","9.9","4","55","719","3","0","10","8","0","1","0","0","0","0"
"Parker Washington","JAX","WR","39.2","4.4","9","0","0","0","0","0","0","0","1","21","16","132","2"
"Scotty Miller","ATL","WR","39.1","2.3","17","0","0","0","0","0","0","0","0","16","11","161","2"
"Will Mallory","IND","TE","38.7","3.2","12","0","0","0","0","0","0","0","0","26","18","207","0"
"Kyle Juszczyk","SF","RB","38.5","2.3","17","0","0","0","0","5","6","0","0","17","14","119","2"
"Olamide Zaccheaus","PHI","WR","38.4","2.3","17","0","0","0","0","0","0","0","0","20","10","164","2"
"Chris Rodriguez Jr.","WAS","RB","37.9","2.9","13","0","0","0","0","51","247","2","1","2","2","12","0"
"Harrison Bryant","CLE","TE","37.9","2.2","17","0","0","0","0","5","8","0","1","20","13","81","3"
"Pharaoh Brown","NE","TE","37.8","2.2","17","0","0","0","0","0","0","0","1","15","13","208","1"
"KhaDarel Hodge","ATL","WR","37.2","2.2","17","0","0","0","0","1","0","0","0","23","14","232","0"
"Cordarrelle Patterson","ATL","RB","36.9","2.6","14","0","0","0","0","50","181","0","0","12","9","38","1"
"Julio Jones","PHI","WR","36.4","3.3","11","0","0","0","0","0","0","0","0","19","11","74","3"
"Elijah Higgins","ARI","TE","36.3","3.3","11","0","0","0","0","0","0","0","0","19","14","163","1"
"Tyler Scott","CHI","WR","35.9","2.1","17","0","0","0","0","7","41","0","1","32","17","168","0"
"Jamison Crowder","WAS","WR","35.9","2.1","17","0","0","0","0","0","0","0","1","20","16","159","1"
"Drew Ogletree","IND","TE","35.7","3","12","0","0","0","0","0","0","0","0","21","9","147","2"
"Quez Watkins","PHI","WR","35.2","3.9","9","0","0","0","0","0","0","0","0","21","15","142","1"
"Deven Thompkins","TB","WR","34.9","2.1","17","0","0","0","0","8","56","0","1","25","17","83","1"
"D'Ernest Johnson","JAX","RB","34.8","2","17","0","0","0","0","41","108","0","0","12","10","140","0"
"Dyami Brown","WAS","WR","34.8","2","17","1","4","0","0","1","0","0","0","23","12","168","1"
"John Bates","WAS","TE","34.1","2","17","0","0","0","0","0","0","0","0","28","19","151","0"
"Deonte Harty","BUF","WR","34","2.1","16","0","0","0","0","4","0","0","1","21","15","150","1"
"Jimmy Graham","NO","TE","33.9","2.6","13","0","0","0","0","0","0","0","0","7","6","39","4"
"Irv Smith Jr.","CIN","TE","33.5","2.8","12","0","0","0","0","0","0","0","1","26","18","115","1"
"Malik Heath","GB","WR","33.5","2.6","13","0","0","0","0","0","0","0","0","24","15","125","1"
"Terrace Marshall Jr.","CAR","WR","32.9","3.7","9","0","0","0","0","0","0","0","0","33","19","139","0"
"Andrew Beck","HOU","RB","32.8","2.2","15","0","0","0","0","5","3","1","1","13","11","55","2"
"Stone Smartt","LAC","TE","32.5","2","16","0","0","0","0","0","0","0","0","21","11","155","1"
"Ty Johnson","BUF","RB","32.4","3.2","10","0","0","0","0","30","132","0","0","7","7","62","1"
"Tony Jones Jr.","NO","RB","32.2","4.6","7","0","0","0","0","26","95","2","0","10","7","37","0"
"John Metchie III","HOU","WR","32.2","2","16","0","0","0","0","1","4","0","0","30","16","158","0"
"Jeremy Ruckert","NYJ","TE","31.1","2.1","15","0","0","0","0","0","0","0","0","22","16","151","0"
"Kyle Philips","TEN","WR","31.1","3.5","9","0","0","0","0","0","0","0","1","22","15","181","0"
"Ronnie Bell","SF","WR","30.8","1.8","17","0","0","0","0","0","0","0","0","13","6","68","3"
"Parris Campbell","NYG","WR","30.4","2.5","12","0","0","0","0","0","0","0","0","27","20","104","0"
"Patrick Taylor","GB","RB","30","2.7","11","0","0","0","0","32","141","0","0","17","11","49","0"
"Darrynton Evans","CHI","RB","30","4.3","7","0","0","0","0","32","121","1","0","12","7","49","0"
"Derius Davis","LAC","WR","29.7","1.7","17","0","0","0","0","14","101","0","1","17","15","66","0"
"Craig Reynolds","DET","RB","29.6","1.7","17","0","0","0","0","41","179","1","2","5","5","47","0"
"Drew Lock","SEA","QB","29.1","7.3","4","48","543","3","3","5","14","0","0","0","0","0","0"
"Ray-Ray McCloud III","SF","WR","28.5","2.4","12","0","0","0","0","3","30","0","0","15","12","135","0"
"Donovan Peoples-Jones","CLE","WR","28.5","1.9","15","0","0","0","0","0","0","0","0","25","13","155","0"
"Luke Farrell","JAX","TE","28.5","1.7","17","0","0","0","0","0","0","0","0","15","13","155","0"
"Jordan Akins","CLE","TE","28.2","1.7","17","0","0","0","0","0","0","0","0","23","15","132","0"
"Byron Pringle","WAS","WR","28.1","1.7","17","0","0","0","0","0","0","0","1","22","14","161","0"
"Brock Wright","DET","TE","28.1","2","14","0","0","0","0","0","0","0","0","14","13","91","1"
"Tyquan Thornton","NE","WR","27.2","3","9","0","0","0","0","3","51","0","0","23","13","91","0"
"River Cracraft","MIA","WR","27.1","2.7","10","0","0","0","0","0","0","0","0","12","9","121","1"
"Trevor Siemian","NYJ","QB","27","5.4","5","86","724","2","4","11","40","0","3","0","0","0","0"
"Jarrett Stidham","DEN","QB","26.6","8.9","3","40","496","2","1","9","8","0","0","0","0","0","0"
"Ihmir Smith-Marsette","CAR","WR","26.5","1.6","17","0","0","0","0","8","74","1","0","10","8","51","0"
"Luke Schoonmaker","DAL","TE","26.5","1.6","17","0","0","0","0","0","0","0","0","15","8","65","2"
"Carson Wentz","LAR","QB","26.1","13.1","2","17","163","2","1","17","56","1","0","0","0","0","0"
"MyCole Pruitt","ATL","TE","26","1.5","17","0","0","0","0","0","0","0","0","12","9","110","1"
"Mecole Hardman Jr.","NYJ","WR","25.7","2.3","11","0","0","0","0","1","3","0","1","24","15","124","0"
"Tyler Huntley","BAL","QB","25.6","4.3","6","21","203","3","0","15","55","0","0","0","0","0","0"
"Trent Sherfield","BUF","WR","25.6","1.5","17","0","0","0","0","0","0","0","0","22","11","86","1"
"Davis Allen","LAR","TE","25.5","1.7","15","0","0","0","0","0","0","0","0","11","10","95","1"
"Alec Ingold","MIA","RB","24.9","1.5","17","0","0","0","0","2","0","0","0","16","13","119","0"
"Jalen Guyton","LAC","WR","24.9","3.1","8","0","0","0","0","0","0","0","0","21","10","89","1"
"Stephen Sullivan","CAR","TE","24.5","2.2","11","0","0","0","0","0","0","0","0","24","12","125","0"
"Josh Whyle","TEN","TE","24.4","2.2","11","0","0","0","0","0","0","0","0","15","9","94","1"
"Andy Dalton","CAR","QB","23.6","5.9","4","34","361","2","0","3","12","0","0","0","0","0","0"
"Lucas Krull","DEN","TE","23.5","3.4","7","0","0","0","0","0","0","0","0","14","8","95","1"
"Sam Darnold","SF","QB","23.4","2.3","10","28","297","2","1","21","15","1","1","0","0","0","0"
"Nick Chubb","CLE","RB","23.1","11.6","2","0","0","0","0","28","170","0","0","4","4","21","0"
"Cole Turner","WAS","TE","23","1.9","12","0","0","0","0","0","0","0","0","15","11","120","0"
"Jacoby Brissett","WAS","QB","22.9","7.6","3","18","224","3","0","3","19","0","0","0","0","0","0"
"Tank Bigsby","JAX","RB","22.8","1.3","17","0","0","0","0","50","132","2","2","4","1","6","0"
"Robbie Chosen","MIA","WR","22.6","2.5","9","0","0","0","0","0","0","0","0","6","4","126","1"
"Jalen Reagor","NE","WR","22.5","2","11","0","0","0","0","1","17","0","0","23","7","138","0"
"Lynn Bowden","NO","WR","22.5","1.5","15","0","0","0","0","5","32","0","0","16","11","83","0"
"Robert Tonyan","CHI","TE","22.2","1.3","17","0","0","0","0","0","0","0","0","17","11","112","0"
"Dorian Thompson-Robinson","CLE","QB","22.1","2.8","8","60","440","1","4","14","65","0","0","0","0","0","0"
"Xavier Hutchinson","HOU","WR","21.9","1.4","16","0","0","0","0","5","49","0","0","19","8","90","0"
"Chase Claypool","CHI","WR","21.7","1.8","12","0","0","0","0","0","0","0","0","21","8","77","1"
"Charlie Kolar","BAL","TE","21.7","1.4","15","0","0","0","0","0","0","0","0","9","7","87","1"
"Laviska Shenault Jr.","CAR","WR","21.5","2.7","8","0","0","0","0","12","55","0","0","10","10","60","0"
"Ben Skowronek","LAR","WR","21.5","1.3","17","0","0","0","0","2","9","0","0","12","8","66","1"
"C.J. Beathard","JAX","QB","21.5","2.7","8","40","349","1","0","8","35","0","0","0","0","0","0"
"Kevin Harris","NE","RB","21.3","5.3","4","0","0","0","0","16","65","1","0","3","3","58","0"
"David Moore","TB","WR","20.4","2.9","7","0","0","0","0","0","0","0","0","7","5","94","1"
"Sterling Shepard","NYG","WR","20.3","1.4","15","0","0","0","0","1","6","0","1","22","10","57","1"
"Trey Sermon","IND","RB","20.3","1.4","14","0","0","0","0","35","160","0","0","6","3","13","0"
"Ronnie Rivers","LAR","RB","20.1","2.2","9","0","0","0","0","32","129","0","0","5","5","22","0"
"P.J. Walker","CLE","QB","20","3.3","6","54","674","1","5","13","30","0","2","0","0","0","0"
"C.J. Uzomah","NYJ","TE","19.8","1.7","12","0","0","0","0","0","0","0","0","12","8","58","1"
"Melvin Gordon III","BAL","RB","19.7","4.9","4","0","0","0","0","26","81","1","1","3","3","46","0"
"Geoff Swaim","ARI","TE","19.4","1.4","14","0","0","0","0","0","0","0","0","11","10","94","0"
"Richie James","KC","WR","19.4","2.2","9","0","0","0","0","0","0","0","1","14","10","114","0"
"Tim Jones","JAX","WR","19.3","1.1","17","0","0","0","0","0","0","0","0","18","11","83","0"
"Damien Harris","BUF","RB","19","3.2","6","0","0","0","0","23","94","1","0","2","2","16","0"
"Isaiah Spiller","LAC","RB","19","2.1","9","0","0","0","0","37","96","0","0","6","6","34","0"
"Isaiah McKenzie","IND","WR","18.6","1.4","13","0","0","0","0","3","14","0","1","14","11","82","0"
"Tyler Goodson","IND","RB","18.1","3","6","0","0","0","0","13","87","0","0","9","6","34","0"
"Davis Mills","HOU","QB","17.8","3","6","18","173","2","0","2","9","0","0","0","0","0","0"
"Samori Toure","GB","WR","17.8","1.6","11","0","0","0","0","0","0","0","0","18","8","78","0"
"Raheem Blackshear","CAR","RB","17.1","1.4","12","0","0","0","0","14","46","0","0","7","6","45","0"
"Randall Cobb","NYJ","WR","16.9","1.5","11","0","0","0","0","0","0","0","0","17","5","39","1"
"Jason Brownlee","NYJ","WR","16.6","2.4","7","0","0","0","0","0","0","0","0","8","5","56","1"
"Israel Abanikanda","NYJ","RB","16.3","2.3","7","0","0","0","0","22","70","0","1","11","7","43","0"
"Patrick Ricard","BAL","RB","16.2","1","17","0","0","0","0","0","0","0","0","7","5","52","1"
"Boston Scott","PHI","RB","15.8","1.1","15","0","0","0","0","20","86","0","1","6","4","52","0"
"Deuce Vaughn","DAL","RB","15","1.9","8","0","0","0","0","23","40","0","0","7","7","40","0"
"Trayveon Williams","CIN","RB","14.9","0.9","17","0","0","0","0","15","69","0","0","9","7","10","0"
"Emanuel Wilson","GB","RB","14.8","2.1","7","0","0","0","0","14","85","0","0","5","4","23","0"
"Charlie Jones","CIN","WR","14.7","1.3","11","0","0","0","0","2","13","0","0","9","7","64","0"
"Keith Kirkwood","NO","WR","14.7","1.1","13","0","0","0","0","0","0","0","0","9","5","37","1"
"D.J. Montgomery","IND","WR","14.6","2.1","7","0","0","0","0","0","0","0","0","8","3","56","1"
"Mitchell Wilcox","CIN","TE","14.6","0.9","17","0","0","0","0","0","0","0","0","12","9","56","0"
"Josiah Deguara","GB","TE","14.5","1","15","0","0","0","0","0","0","0","0","8","8","65","0"
"Brenton Strange","JAX","TE","14.5","1","14","0","0","0","0","0","0","0","0","9","5","35","1"
"Marquise Goodwin","CLE","WR","14","1.2","12","0","0","0","0","4","33","0","0","13","4","67","0"
"La'Mical Perine","KC","RB","14","2.8","5","0","0","0","0","22","77","0","0","5","3","33","0"
"Keaontay Ingram","ARI","RB","14","1.8","8","0","0","0","0","35","74","0","0","4","4","26","0"
"Jeff Driskel","CLE","QB","13.9","13.9","1","13","166","2","2","7","33","0","0","0","0","0","0"
"Lawrence Cager","NYG","TE","13.6","1.2","11","0","0","0","0","0","0","0","0","5","4","36","1"
"Mike Boone","HOU","RB","13.3","1.5","9","0","0","0","0","5","23","0","0","9","7","40","0"
"Darnell Washington","PIT","TE","13.1","0.8","17","0","0","0","0","0","0","0","0","10","7","61","0"
"Eric Gray","NYG","RB","13","1","13","0","0","0","0","17","48","0","0","7","6","22","0"
"Marcedes Lewis","CHI","TE","12.9","0.8","17","0","0","0","0","0","0","0","0","5","4","29","1"
"Brycen Hopkins","LAR","TE","12.8","0.9","15","0","0","0","0","0","0","0","0","7","5","78","0"
"Hunter Luepke","DAL","RB","12.7","0.7","17","0","0","0","0","6","19","1","0","4","3","18","0"
"Jalen Brooks","DAL","WR","12.4","1.8","7","0","0","0","0","0","0","0","0","6","6","64","0"
"Ben Sims","GB","TE","12.1","0.7","17","0","0","0","0","0","0","0","0","6","4","21","1"
"Jameis Winston","NO","QB","12","1.7","7","25","264","2","3","5","-6","0","0","0","0","0","0"
"Marcus Mariota","PHI","QB","11.8","3.9","3","15","164","1","1","8","52","0","1","0","0","0","0"
"J.K. Dobbins","BAL","RB","11.7","11.7","1","0","0","0","0","8","22","1","0","3","2","15","0"
"Gary Brightwell","NYG","RB","11.6","1.7","7","0","0","0","0","9","19","0","0","7","5","47","0"
"Blake Bell","KC","TE","11.6","0.7","17","0","0","0","0","0","0","0","1","9","5","26","1"
"Nick Bawden","NYJ","RB","11.5","0.7","16","0","0","0","0","2","4","1","0","3","3","21","0"
"Justyn Ross","KC","WR","11.3","1.1","10","0","0","0","0","0","0","0","0","11","6","53","0"
"Equanimeous St. Brown","CHI","WR","11.2","1.6","7","0","0","0","0","0","0","0","0","6","5","62","0"
"Brandon Bolden","LV","RB","11.1","0.7","17","0","0","0","0","4","31","1","0","0","0","0","0"
"Velus Jones Jr.","CHI","WR","11.1","0.8","14","0","0","0","0","8","51","0","0","7","4","20","0"
"Tim Boyle","NYJ","QB","10.9","3.6","3","48","360","1","4","4","5","0","0","0","0","0","0"
"Payne Durham","TB","TE","10.8","0.8","13","0","0","0","0","0","0","0","0","7","5","58","0"
"Ian Thomas","CAR","TE","10.6","0.9","12","0","0","0","0","0","0","0","0","9","5","56","0"
"Quintin Morris","BUF","TE","10.6","0.7","15","0","0","0","0","0","0","0","0","3","2","26","1"
"Chris Brooks","MIA","RB","10.6","1.2","9","0","0","0","0","19","106","0","0","0","0","0","0"
"C.J. Ham","MIN","RB","10.2","0.6","17","0","0","0","0","1","7","0","0","9","7","25","0"
"DeeJay Dallas","SEA","RB","10.2","0.6","17","0","0","0","0","10","36","0","1","9","6","26","0"
"Rakim Jarrett","TB","WR","10","1","10","0","0","0","0","1","0","0","0","9","4","60","0"
"Chris Conley","SF","WR","9.9","1.2","8","0","0","0","0","0","0","0","0","6","3","69","0"
"Ty Montgomery II","NE","WR","9.9","0.8","13","0","0","0","0","3","9","0","0","12","5","40","0"
"Case Keenum","HOU","QB","9.7","4.9","2","34","291","1","3","2","1","0","0","0","0","0","0"
"DeAndre Carter","LV","WR","9.7","0.6","17","0","0","0","0","3","18","0","0","7","4","39","0"
"Keelan Doss","LAC","WR","9.3","1.9","5","0","0","0","0","0","0","0","0","13","6","33","0"
"Tyler Johnson","LAR","WR","8.8","8.8","1","0","0","0","0","0","0","0","0","3","2","8","1"
"Jack Stoll","PHI","TE","8.8","0.5","17","0","0","0","0","0","0","0","0","8","5","38","0"
"Julian Hill","MIA","TE","8.8","0.6","15","0","0","0","0","0","0","0","1","9","6","48","0"
"Britain Covey","PHI","WR","8.2","0.5","16","0","0","0","0","0","0","0","0","6","4","42","0"
"Simi Fehoko","LAC","WR","7.9","1.3","6","0","0","0","0","0","0","0","0","2","1","9","1"
"Grant Calcaterra","PHI","TE","7.9","0.5","15","0","0","0","0","0","0","0","0","4","4","39","0"
"Peyton Hendershot","DAL","TE","7.8","1","8","0","0","0","0","1","0","0","0","7","4","38","0"
"Damien Williams","ARI","RB","7.5","2.5","3","0","0","0","0","11","43","0","0","2","2","12","0"
"Clayton Tune","ARI","QB","7.5","0.9","8","12","62","0","2","8","30","1","1","0","0","0","0"
"Dare Ogunbowale","HOU","RB","7.3","0.6","12","0","0","0","0","8","35","0","0","7","2","18","0"
"Devin Duvernay","BAL","WR","7.3","0.6","13","0","0","0","0","4","15","0","0","9","4","18","0"
"Ko Kieft","TB","TE","7.2","0.5","16","0","0","0","0","0","0","0","0","5","1","2","1"
"Elijah Cooks","JAX","WR","6.8","0.8","9","0","0","0","0","0","0","0","0","4","3","38","0"
"Michael Burton","DEN","RB","6.7","0.4","17","0","0","0","0","7","9","0","0","3","3","8","0"
"Marvin Jones Jr.","DET","WR","6.5","1.1","6","0","0","0","0","0","0","0","1","10","5","35","0"
"Ke'Shawn Vaughn","TB","RB","6.4","1.1","6","0","0","0","0","24","42","0","0","5","2","2","0"
"Keith Smith","ATL","RB","6.3","0.5","13","0","0","0","0","0","0","0","0","3","3","33","0"
"Charlie Woerner","SF","TE","6.2","0.4","17","0","0","0","0","0","0","0","0","3","3","32","0"
"Nate Adkins","DEN","TE","6.2","0.6","10","0","0","0","0","0","0","0","0","5","4","22","0"
"Blaine Gabbert","KC","QB","5.9","3","2","18","185","0","3","7","45","0","0","0","0","0","0"
"Zach Pascal","ARI","WR","5.9","0.4","14","0","0","0","0","0","0","0","0","15","4","19","0"
"Jalen Nailor","MIN","WR","5.9","1","6","0","0","0","0","0","0","0","0","6","3","29","0"
"Khari Blasingame","CHI","RB","5.8","0.4","16","0","0","0","0","8","26","0","0","6","3","2","0"
"Steven Sims","HOU","WR","5.6","1.9","3","0","0","0","0","1","1","0","0","3","3","25","0"
"Mike Strachan","CAR","WR","5.5","1.4","4","0","0","0","0","0","0","0","0","3","1","45","0"
"Greg Dulcich","DEN","TE","5.5","2.8","2","0","0","0","0","0","0","0","0","4","3","25","0"
"Teagan Quitoriano","HOU","TE","5.3","0.8","7","0","0","0","0","0","0","0","0","3","2","33","0"
"Sean Tucker","TB","RB","5.2","0.5","11","0","0","0","0","15","23","0","0","2","2","9","0"
"Brian Hoyer","LV","QB","4.9","1.6","3","23","231","0","2","3","-3","0","0","0","0","0","0"
"Trishton Jackson","MIN","WR","4.9","0.7","7","0","0","0","0","0","0","0","0","4","2","9","0"
"Austin Trammell","LAR","WR","4.9","0.3","16","0","0","0","0","0","0","0","1","7","4","29","0"
"Rashaad Penny","PHI","RB","4.8","1.6","3","0","0","0","0","11","33","0","0","1","1","5","0"
"Kenny Yeboah","NYJ","TE","4.8","1","5","0","0","0","0","0","0","0","0","4","2","28","0"
"James Mitchell","DET","TE","4.8","0.3","15","0","0","0","0","0","0","0","0","2","2","28","0"
"Brett Rypien","LAR","QB","4.8","2.4","2","18","172","0","1","3","19","0","1","0","0","0","0"
"Miles Boykin","PIT","WR","4.7","0.3","17","0","0","0","0","0","0","0","0","4","3","17","0"
"Alex Armah","WAS","RB","4.3","0.5","8","0","0","0","0","0","0","0","0","3","3","13","0"
"Jashaun Corbin","NYG","RB","4.3","0.7","6","0","0","0","0","1","1","0","0","3","3","12","0"
"Eric Saubert","DAL","TE","4.2","0.4","10","0","0","0","0","0","0","0","0","3","3","12","0"
"Leonard Fournette","BUF","RB","4","2","2","0","0","0","0","12","40","0","0","0","0","0","0"
"Deon Jackson","IND","RB","4","1","4","0","0","0","0","14","16","0","2","6","5","14","0"
"Elijah Dotson","LAC","RB","3.9","1","4","0","0","0","0","4","6","0","0","2","2","13","0"
"Kayshon Boutte","NE","WR","3.9","0.8","5","0","0","0","0","0","0","0","0","7","2","19","0"
"Chris Manhertz","DEN","TE","3.6","0.2","16","0","0","0","0","0","0","0","0","4","2","16","0"
"Willie Snead IV","SF","WR","3.4","0.8","4","0","0","0","0","0","0","0","0","3","2","14","0"
"Malik Taylor","NYJ","WR","3.3","1.1","3","0","0","0","0","0","0","0","0","4","2","13","0"
"Cooper Rush","DAL","QB","3.3","0.4","8","18","144","0","1","12","-5","0","0","0","0","0","0"
"Jake Funk","IND","RB","3.2","0.8","4","0","0","0","0","2","10","0","0","1","1","12","0"
"Nick Muse","MIN","TE","3.2","1.6","2","0","0","0","0","0","0","0","0","1","1","22","0"
"Kenyan Drake","BAL","RB","3.1","1","3","0","0","0","0","2","0","0","1","3","2","31","0"
"Trevon Wesco","TEN","TE","3.1","0.2","15","0","0","0","0","0","0","0","0","3","1","21","0"
"Anthony McFarland Jr.","PIT","RB","3.1","1","3","0","0","0","0","0","0","0","0","2","2","11","0"
"Zonovan Knight","DET","RB","3.1","1.5","2","0","0","0","0","3","13","0","0","1","1","8","0"
"Malik Willis","TEN","QB","3.1","1","3","4","74","0","0","5","21","0","1","0","0","0","0"
"Laquon Treadwell","BAL","WR","2.6","0.5","5","0","0","0","0","0","0","0","0","3","1","16","0"
"Derrick Gore","WAS","RB","2.6","0.4","6","0","0","0","0","3","26","0","0","0","0","0","0"
"Adam Prentice","NO","RB","2.4","0.2","13","0","0","0","0","2","12","0","1","3","2","12","0"
"Devine Ozigbo","DET","RB","2.3","0.8","3","0","0","0","0","3","5","0","0","1","1","8","0"
"Ross Dwelley","SF","TE","2.2","0.2","12","0","0","0","0","0","0","0","0","2","1","12","0"
"Jakob Johnson","LV","RB","2.2","0.2","13","0","0","0","0","0","0","0","0","2","1","12","0"
"Erik Ezukanma","MIA","WR","2.2","1.1","2","0","0","0","0","5","22","0","0","1","0","0","0"
"John FitzPatrick","ATL","TE","2.2","0.2","10","0","0","0","0","0","0","0","0","1","1","12","0"
"Jaren Hall","MIN","QB","2.1","0.7","3","13","168","0","1","6","14","0","2","0","0","0","0"
"Collin Johnson","CHI","WR","2.1","0.7","3","0","0","0","0","0","0","0","0","1","1","11","0"
"Tylan Wallace","BAL","WR","2.1","0.2","11","0","0","0","0","0","0","0","0","2","1","11","0"
"Chris Evans","CIN","RB","2.1","0.3","8","0","0","0","0","2","12","0","0","1","1","-1","0"
"Tyrion Davis-Price","SF","RB","2.1","2.1","1","0","0","0","0","6","21","0","0","0","0","0","0"
"Mike White","MIA","QB","2.1","0.3","6","5","74","1","1","8","-9","0","1","0","0","0","0"
"Cody Thompson","SEA","WR","2","0.3","7","0","0","0","0","0","0","0","0","1","1","10","0"
"Zach Evans","LAR","RB","1.9","0.2","10","0","0","0","0","9","19","0","0","0","0","0","0"
"Tucker Fisk","ATL","TE","1.9","0.3","6","0","0","0","0","0","0","0","0","1","1","9","0"
"Evan Hull","IND","RB","1.7","1.7","1","0","0","0","0","1","1","0","0","1","1","6","0"
"Kevin Rader","TEN","TE","1.6","0.1","14","0","0","0","0","0","0","0","0","3","1","6","0"
"Mason Kinsey","TEN","WR","1.6","0.3","6","0","0","0","0","0","0","0","0","1","1","6","0"
"Cole Fotheringham","LV","TE","1.6","0.8","2","0","0","0","0","0","0","0","0","1","1","6","0"
"Jesper Horsted","LV","TE","1.4","0.1","13","0","0","0","0","0","0","0","0","1","1","4","0"
"Nick Vannett","LAC","TE","1.3","0.2","8","0","0","0","0","0","0","0","0","1","1","3","0"
"Reggie Gilliam","BUF","RB","1.3","0.1","17","0","0","0","0","0","0","0","0","1","1","3","0"
"Kene Nwangwu","MIN","RB","1.3","0.1","9","0","0","0","0","5","13","0","0","0","0","0","0"
"Colton Dowell","TEN","WR","1.3","0.1","10","0","0","0","0","0","0","0","0","2","1","3","0"
"Sean Clifford","GB","QB","1.3","0.6","2","1","37","0","0","3","-2","0","0","0","0","0","0"
"Giovanni Ricci","CAR","TE","1.2","0.2","5","0","0","0","0","0","0","0","0","1","1","2","0"
"Kwamie Lassiter II","CIN","WR","1.2","1.2","1","0","0","0","0","0","0","0","0","1","1","2","0"
"Antoine Green","DET","WR","1.2","0.1","9","0","0","0","0","0","0","0","0","2","1","2","0"
"Jonathan Ward","TEN","RB","1.1","0.1","8","0","0","0","0","3","11","0","0","0","0","0","0"
"David Wells","TB","TE","1","0.2","5","0","0","0","0","0","0","0","0","2","2","-10","0"
"James Robinson","GB","RB","1","1","1","0","0","0","0","1","2","0","0","1","1","-2","0"
"AJ McCarron","CIN","QB","0.8","0.4","2","4","19","0","0","0","0","0","0","0","0","0","0"
"Dee Eskridge","SEA","WR","0.5","0.1","4","0","0","0","0","2","5","0","0","1","0","0","0"
"Aaron Rodgers","NYJ","QB","0","0","1","0","0","0","0","0","0","0","0","0","0","0","0"
"Matthew Slater","NE","WR","0","0","16","0","0","0","0","0","0","0","0","0","0","0","0"
"Taiwan Jones","NYG","RB","0","0","2","0","0","0","0","0","0","0","0","0","0","0","0"
"Jordan Matthews","CAR","TE","0","0","1","0","0","0","0","0","0","0","0","0","0","0","0"
"Phillip Dorsett","DEN","WR","0","0","2","0","0","0","0","0","0","0","0","3","0","0","0"
"Tyler Kroft","MIA","TE","0","0","8","0","0","0","0","0","0","0","0","0","0","0","0"
"Damiere Byrd","ATL","WR","0","0","1","0","0","0","0","0","0","0","0","2","0","0","0"
"Dwayne Washington","DEN","RB","0","0","13","0","0","0","0","0","0","0","0","0","0","0","0"
"Stephen Anderson","LAC","TE","0","0","3","0","0","0","0","0","0","0","0","0","0","0","0"
"J.P. Holtz","NO","TE","0","0","1","0","0","0","0","0","0","0","0","0","0","0","0"
"Jeremy McNichols","SF","RB","0","0","3","0","0","0","0","0","0","0","0","0","0","0","0"
"Darrell Daniels","DET","TE","0","0","3","0","0","0","0","0","0","0","0","0","0","0","0"
"Anthony Firkser","DET","TE","0","0","2","0","0","0","0","0","0","0","0","0","0","0","0"
"Corey Clement","ARI","RB","0","0","4","0","0","0","0","0","0","0","0","0","0","0","0"
"Tre'Quan Smith","DEN","WR","0","0","1","0","0","0","0","0","0","0","0","0","0","0","0"
"Jason Cabinda","DET","RB","0","0","4","0","0","0","0","1","0","0","0","0","0","0","0"
"Godwin Igwebuike","ATL","RB","0","0","12","0","0","0","0","0","0","0","0","0","0","0","0"
"Myles Gaskin","MIN","RB","0","0","3","0","0","0","0","0","0","0","0","0","0","0","0"
"Zach Gentry","LV","TE","0","0","1","0","0","0","0","0","0","0","0","0","0","0","0"
"N'Keal Harry","MIN","WR","0","0","9","0","0","0","0","0","0","0","0","0","0","0","0"
"Travis Homer","CHI","RB","0","0","16","0","0","0","0","0","0","0","0","1","0","0","0"
"Andy Isabella","BUF","WR","0","0","2","0","0","0","0","0","0","0","0","0","0","0","0"
"Tyree Jackson","NYG","TE","0","0","2","0","0","0","0","0","0","0","0","0","0","0","0"
"Stanley Morgan","CIN","WR","0","0","3","0","0","0","0","0","0","0","0","0","0","0","0"
"Qadree Ollison","PIT","RB","0","0","2","0","0","0","0","0","0","0","0","0","0","0","0"
"David Sills V","DEN","WR","0","0","3","0","0","0","0","0","0","0","0","0","0","0","0"
"Juwann Winfree","IND","WR","0","0","8","0","0","0","0","0","0","0","0","1","0","0","0"
"Matt Sokol","NE","TE","0","0","3","0","0","0","0","0","0","0","0","0","0","0","0"
"Patrick Laird","TB","RB","0","0","1","0","0","0","0","0","0","0","0","0","0","0","0"
"Stephen Carlson","CHI","TE","0","0","1","0","0","0","0","0","0","0","0","0","0","0","0"
"James Proche II","CLE","WR","0","0","10","0","0","0","0","0","0","0","0","5","0","0","0"
"Easop Winston Jr.","SEA","WR","0","0","1","0","0","0","0","0","0","0","0","0","0","0","0"
"Marquez Callaway","NO","WR","0","0","3","0","0","0","0","0","0","0","0","0","0","0","0"
"JaMycal Hasty","JAX","RB","0","0","5","0","0","0","0","0","0","0","0","2","0","0","0"
"Sean McKeon","DAL","TE","0","0","9","0","0","0","0","0","0","0","0","2","0","0","0"
"Albert Okwuegbunam","PHI","TE","0","0","4","0","0","0","0","0","0","0","0","1","0","0","0"
"Noah Togiai","PHI","TE","0","0","1","0","0","0","0","0","0","0","0","0","0","0","0"
"Dalton Keene","HOU","TE","0","0","1","0","0","0","0","0","0","0","0","0","0","0","0"
"Sam Ehlinger","IND","QB","0","0","3","0","0","0","0","0","0","0","0","0","0","0","0"
"Jacob Eason","NYG","QB","0","0","2","0","0","0","0","0","0","0","0","0","0","0","0"
"Andre Baccellia","ARI","WR","0","0","5","0","0","0","0","0","0","0","0","0","0","0","0"
"Kirk Merritt","NO","WR","0","0","1","0","0","0","0","0","0","0","0","0","0","0","0"
"Dan Chisena","ARI","WR","0","0","4","0","0","0","0","0","0","0","0","0","0","0","0"
"Kristian Wilkerson","LV","WR","0","0","2","0","0","0","0","0","0","0","0","0","0","0","0"
"Chris Blair","ATL","WR","0","0","1","0","0","0","0","0","0","0","0","0","0","0","0"
"Hunter Long","LAR","TE","0","0","4","0","0","0","0","0","0","0","0","0","0","0","0"
"Tre' McKitty","LAC","TE","0","0","6","0","0","0","0","0","0","0","0","0","0","0","0"
"Matt Bushman","KC","TE","0","0","1","0","0","0","0","0","0","0","0","0","0","0","0"
"Amari Rodgers","IND","WR","0","0","3","0","0","0","0","0","0","0","0","2","0","0","0"
"Dez Fitzpatrick","PIT","WR","0","0","1","0","0","0","0","0","0","0","0","0","0","0","0"
"Frank Darby","ATL","WR","0","0","1","0","0","0","0","0","0","0","0","0","0","0","0"
"Jaelon Darden","CLE","WR","0","0","1","0","0","0","0","0","0","0","0","0","0","0","0"
"Johnny Johnson III","HOU","WR","0","0","1","0","0","0","0","0","0","0","0","0","0","0","0"
"DJ Turner","LV","WR","0","0","10","0","0","0","0","0","0","0","0","0","0","0","0"
"Hunter Kampmoyer","LAC","TE","0","0","1","0","0","0","0","0","0","0","0","0","0","0","0"
"Jacob Harris","JAX","WR","0","0","2","0","0","0","0","0","0","0","0","0","0","0","0"
"Ben Mason","BAL","RB","0","0","1","0","0","0","0","0","0","0","0","0","0","0","0"
"Josh Pederson","JAX","TE","0","0","3","0","0","0","0","0","0","0","0","0","0","0","0"
"Michael Bandy","DEN","WR","0","0","1","0","0","0","0","0","0","0","0","0","0","0","0"
"Parker Hesse","ATL","TE","0","0","3","0","0","0","0","0","0","0","0","0","0","0","0"
"Kearis Jackson","TEN","WR","0","0","2","0","0","0","0","0","0","0","0","0","0","0","0"
"SaRodorick Thompson Jr.","SEA","RB","0","0","1","0","0","0","0","0","0","0","0","0","0","0","0"
"Mohamed Ibrahim","DET","RB","0","0","1","0","0","0","0","0","0","0","0","0","0","0","0"
"Julius Chestnut","TEN","RB","0","0","3","0","0","0","0","0","0","0","0","0","0","0","0"
"Devon Allen","PHI","WR","0","0","2","0","0","0","0","0","0","0","0","0","0","0","0"
"Montrell Washington","KC","WR","0","0","6","0","0","0","0","0","0","0","0","0","0","0","0"
"Dareke Young","SEA","WR","0","0","6","0","0","0","0","0","0","0","0","0","0","0","0"
"Tay Martin","SF","WR","0","0","1","0","0","0","0","0","0","0","0","0","0","0","0"
"Rodney Williams","PIT","TE","0","0","13","0","0","0","0","0","0","0","0","2","0","0","0"
"Tanner Conner","MIA","TE","0","0","3","0","0","0","0","0","0","0","0","0","0","0","0"
"Chris Pierce","CAR","TE","0","0","1","0","0","0","0","0","0","0","0","0","0","0","0"
"Malik Davis","DAL","RB","0","0","3","0","0","0","0","0","0","0","0","0","0","0","0"
"Irvin Charles","NYJ","WR","0","0","12","0","0","0","0","0","0","0","0","1","0","0","0"
"Ethan Fernea","IND","WR","0","0","3","0","0","0","0","0","0","0","0","0","0","0","0"
"Brayden Willis","SF","TE","0","0","7","0","0","0","0","0","0","0","0","0","0","0","0"
"Max Duggan","LAC","QB","0","0","1","0","0","0","0","0","0","0","0","0","0","0","0"
"Zack Kuntz","NYJ","TE","0","0","1","0","0","0","0","0","0","0","0","0","0","0","0"
"Malik Cunningham","NE","QB","0","0","2","0","0","0","0","0","0","0","0","0","0","0","0"
"Jordan Mims","NO","RB","0","0","2","0","0","0","0","0","0","0","0","2","0","0","0"
"Mitchell Tinsley","WAS","WR","0","0","2","0","0","0","0","0","0","0","0","0","0","0","0"
"Blake Whiteheart","ARI","TE","0","0","2","0","0","0","0","0","0","0","0","0","0","0","0"
"Deneric Prince","KC","RB","0","0","2","0","0","0","0","0","0","0","0","0","0","0","0"
"Kenny McIntosh","SEA","RB","0","0","3","0","0","0","0","0","0","0","0","0","0","0","0"
"Travis Vokolek","ARI","TE","0","0","2","0","0","0","0","0","0","0","0","0","0","0","0"
"Xazavian Valladay","NYJ","RB","0","0","1","0","0","0","0","0","0","0","0","0","0","0","0"
"Ryan Miller","TB","WR","0","0","1","0","0","0","0","0","0","0","0","0","0","0","0"
"Cephus Johnson","TB","WR","0","0","1","0","0","0","0","0","0","0","0","0","0","0","0"
"Chase Cota","HOU","WR","0","0","1","0","0","0","0","0","0","0","0","0","0","0","0"
"Princeton Fant","DAL","TE","0","0","2","0","0","0","0","0","0","0","0","0","0","0","0"
"Terrell Bynum","LAC","WR","0","0","1","0","0","0","0","0","0","0","0","0","0","0","0"
"Owen Wright","BAL","RB","0","0","1","0","0","0","0","0","0","0","0","0","0","0","0"
"Brady Russell","SEA","TE","0","0","15","0","0","0","0","0","0","0","0","0","0","0","0"
"Henry Pearson","GB","RB","0","0","2","0","0","0","0","0","0","0","0","0","0","0","0"
"Shedrick Jackson","CIN","WR","0","0","3","0","0","0","0","0","0","0","0","1","0","0","0"
"Dylan Drummond","DET","WR","0","0","1","0","0","0","0","0","0","0","0","0","0","0","0"
"Lucky Jackson","MIN","WR","0","0","3","0","0","0","0","0","0","0","0","0","0","0","0"
"Kyle Trask","TB","QB","-0.1","-0.1","2","0","0","0","0","1","-1","0","0","0","0","0","0"
"Teddy Bridgewater","DET","QB","-0.2","-0.2","1","0","0","0","0","2","-2","0","0","0","0","0","0"
"Jonathan Williams","WAS","RB","-0.2","-0.2","1","0","0","0","0","1","-2","0","0","1","0","0","0"
"Trent Taylor","CHI","WR","-0.2","0","17","0","0","0","0","1","-2","0","0","2","0","0","0"
"Matt Barkley","JAX","QB","-0.3","-0.3","1","0","0","0","0","3","-3","0","0","0","0","0","0"
"Logan Woodside","ATL","QB","-0.3","-0.3","1","3","27","0","1","1","6","0","0","0","0","0","0"
"Nathan Peterman","CHI","QB","-0.4","-0.2","2","0","0","0","0","2","-4","0","0","0","0","0","0"
"Kyle Allen","BUF","QB","-1.3","-0.2","7","0","0","0","0","13","-13","0","0","0","0","0","0"
"Gunner Olszewski","PIT","WR","-3","-0.3","12","0","0","0","0","0","0","0","2","1","1","0","0"